,rs754238,rs11203962,rs2946501,rs6999231,rs17178729,rs10105623,rs2460915,rs7835221,rs2460911,rs11204005,rs7846514,rs2460338,rs12156420,rs13260587,rs17786052,rs529983,rs544302,rs630969
JA18940,C/C,T/T,C/G,A/A,G/A,A/A,A/A,A/A,G/G,A/A,A/A,G/G,C/C,G/G,T/T,T/T,G/A,A/C
JA18942,C/C,T/T,C/G,A/A,G/G,G/G,A/T,A/A,G/T,G/A,A/A,G/C,C/C,G/A,T/T,T/T,G/G,A/A
JA18943,C/C,T/T,C/C,A/A,G/G,G/G,A/A,A/A,G/G,G/G,A/A,C/C,C/C,G/G,T/T,T/T,G/G,A/A
JA18945,C/C,T/T,C/C,A/A,G/G,G/G,A/A,A/A,G/G,G/G,A/A,G/C,C/C,G/A,T/T,T/T,G/G,A/C
JA18947,C/C,T/T,C/G,A/A,G/A,G/A,A/A,A/A,G/G,G/A,A/A,G/C,C/C,G/G,T/T,T/T,G/G,A/C
JA18948,C/C,T/T,C/C,A/A,G/G,G/G,A/A,A/A,G/G,G/G,A/A,C/C,C/C,G/G,T/T,T/T,G/G,A/C
JA18949,C/G,T/G,C/G,A/C,G/G,G/A,A/A,A/G,G/G,G/A,A/A,G/C,C/C,G/A,T/T,T/T,G/G,A/C
JA18951,C/C,T/T,C/C,A/A,G/G,G/A,A/A,A/G,G/G,G/A,A/G,G/C,C/G,G/A,T/C,T/C,G/G,A/A
JA18952,C/C,T/T,C/C,A/A,G/G,G/G,A/A,A/A,G/G,G/G,A/A,C/C,C/C,G/G,T/T,T/T,G/G,A/C
JA18953,C/C,T/T,G/G,A/A,G/A,G/A,A/T,G/G,G/T,A/A,A/G,G/G,C/G,G/A,C/C,T/C,G/G,A/A
JA18956,C/C,T/T,C/G,A/A,G/G,G/G,A/T,A/A,G/T,G/A,A/A,G/C,C/C,G/A,T/T,T/T,G/G,A/A
JA18959,C/G,T/G,G/G,A/C,G/A,A/A,A/A,A/A,G/G,G/A,A/G,G/C,C/G,G/A,T/C,T/C,G/G,A/C
JA18960,C/C,T/T,C/G,A/A,G/A,G/A,A/A,A/G,G/G,G/A,A/G,G/C,C/G,G/G,T/T,T/T,G/G,C/C
JA18961,C/C,T/T,C/G,A/A,G/G,G/G,A/T,A/A,G/T,G/A,A/A,G/C,C/C,G/A,T/T,T/T,G/G,A/C
JA18964,C/C,T/T,C/C,A/A,G/G,G/G,A/T,A/G,G/T,G/A,A/A,G/C,C/C,G/G,T/T,T/T,G/G,A/C
JA18965,C/C,T/T,C/C,A/A,G/G,G/A,A/A,A/G,G/G,G/A,A/A,G/C,C/C,G/G,T/T,T/T,G/G,A/A
JA18966,C/C,T/T,C/C,A/A,G/G,G/A,A/A,A/G,G/G,G/A,A/A,G/C,C/C,G/G,T/T,T/T,G/G,A/A
JA18968,C/C,T/T,C/C,A/A,G/G,G/G,A/A,A/A,G/G,G/G,A/A,C/C,C/C,G/G,T/T,T/T,G/G,A/A
JA18969,C/G,T/G,G/G,A/C,G/G,G/A,A/T,G/G,G/T,A/A,A/A,G/G,C/C,G/A,T/T,T/T,G/G,A/C
JA18970,C/C,T/T,C/G,A/A,G/G,G/G,A/T,A/G,G/T,G/A,A/A,G/C,C/C,G/A,T/T,T/C,G/G,A/A
JA18971,C/G,T/G,C/G,A/C,G/G,G/A,A/A,A/A,G/G,G/G,A/A,C/C,C/C,G/G,T/T,T/T,G/G,C/C
JA18972,C/G,T/G,C/C,A/A,G/G,G/G,A/T,A/A,G/T,G/A,A/A,G/G,C/C,G/A,T/T,T/T,G/A,C/C
JA18973,C/C,T/T,C/G,A/A,G/G,G/G,A/T,A/A,G/T,G/A,A/A,G/C,C/C,G/G,T/T,T/T,G/G,A/A
JA18974,C/G,T/G,G/G,A/C,G/G,G/G,T/T,G/G,T/T,A/A,A/A,G/G,C/C,A/A,T/T,T/T,G/G,C/C
JA18975,C/C,T/T,C/C,A/A,G/G,G/G,A/A,A/A,G/G,G/G,A/A,G/C,C/C,G/A,T/T,T/T,G/G,A/C
JA18976,C/C,T/T,C/C,A/A,G/G,G/A,A/A,G/G,G/G,A/A,A/A,G/G,C/C,G/G,T/T,T/T,G/G,A/C
JA18978,C/C,T/T,C/G,A/A,G/G,G/G,A/T,A/A,G/T,G/A,A/A,G/C,C/C,G/A,T/T,T/T,G/G,C/C
JA18980,C/C,T/T,C/G,A/A,G/G,G/G,A/T,A/A,G/T,G/A,A/A,G/C,C/C,G/A,T/T,T/T,G/G,C/C
JA18981,C/C,T/T,C/C,A/A,G/G,G/G,A/A,A/A,G/G,G/G,A/A,C/C,C/C,G/G,T/T,T/C,G/G,A/A
JA18987,C/C,T/T,C/C,A/A,G/G,G/G,A/A,A/A,G/G,G/G,A/A,C/C,C/C,G/A,T/T,T/T,G/G,A/C
JA18990,C/C,T/T,G/G,A/A,G/G,G/G,T/T,G/G,T/T,A/A,A/A,G/G,C/C,A/A,T/T,T/T,G/A,C/C
JA18991,C/G,T/G,G/G,A/C,G/G,G/A,A/T,A/A,G/G,G/A,A/A,G/C,C/C,G/G,T/T,T/T,G/G,C/C
JA18992,C/C,T/T,C/G,A/A,G/G,G/A,A/T,A/G,G/T,A/A,A/A,G/G,C/C,G/A,T/T,T/T,G/G,A/A
JA18994,C/G,T/G,C/C,A/A,G/G,G/G,A/A,A/A,G/G,G/G,A/A,G/C,C/C,G/G,T/T,T/C,G/A,A/C
JA18995,C/G,T/G,C/G,A/C,G/G,A/A,A/A,G/G,G/G,A/A,A/A,G/G,C/C,G/G,T/T,T/T,G/G,C/C
JA18997,C/C,T/T,C/C,A/A,G/G,G/G,A/A,A/A,G/G,G/G,A/A,C/C,C/C,G/G,T/T,T/T,G/G,A/C
JA18998,C/C,T/T,C/G,A/A,G/G,G/G,A/A,A/A,G/G,G/G,A/A,C/C,C/C,G/G,T/T,T/T,G/G,A/A
JA18999,C/C,T/T,C/G,A/A,G/G,G/A,A/T,A/A,G/T,A/A,A/A,G/G,C/C,G/A,T/T,T/T,G/A,C/C
JA19000,C/C,T/T,C/C,A/A,G/G,G/G,A/A,A/A,G/G,G/G,A/A,G/C,C/C,G/G,T/T,T/T,G/G,A/C
JA19005,C/C,T/T,C/G,A/A,G/G,G/G,A/T,A/G,G/T,G/A,A/A,G/C,C/C,G/A,T/T,T/C,G/G,A/C
JA19007,C/G,T/G,G/G,A/C,G/G,G/A,A/T,A/G,G/T,A/A,A/A,G/G,C/C,G/A,T/T,T/T,G/G,C/C
